<?xml version="1.0" encoding="UTF-8"?>

<configuration debug="true">

    <property name="CONSOLE_LOG_PATTERN" value="%d{yyyy-MM-dd HH:mm:ss} [%thread] %-5level %logger{36} - %msg%n" />

    <include resource="org/springframework/boot/logging/logback/base.xml" />
    <!-- listeners -->

    <contextListener class="ch.qos.logback.classic.jul.LevelChangePropagator">
        <!-- reset all previous level configurations of all j.u.l. loggers -->
        <resetJUL>true</resetJUL>
    </contextListener>

    <!-- NOTE: LOG_PATH value is taken from "logging.path" property of bootstrap.yml or system -->
    <property name="log.path" value="${LOG_PATH}" />
    <property name="archive.path" value="${log.path}/archive" />

    <!-- appender definitions -->

    <appender name="file_appender" class="ch.qos.logback.core.rolling.RollingFileAppender">
        <File>${log.path}/logsy_2_log.json</File>
        <rollingPolicy class="ch.qos.logback.core.rolling.TimeBasedRollingPolicy">
            <fileNamePattern>${archive.path}/logsy_2_log.%d{yyyy-MM-dd}.json</fileNamePattern>
            <maxHistory>10</maxHistory>
        </rollingPolicy>
        <encoder class="net.logstash.logback.encoder.LoggingEventCompositeJsonEncoder">
            <providers>
                <timestamp>
                    <fieldName>timestamp</fieldName>
                </timestamp>
                <message>
                    <fieldName>id</fieldName>
                </message>
                <!-- https://github.com/logstash/logstash-logback-encoder#provider_pattern -->

                <!-- log guid support -->
                <mdc/>
                <!-- StructuredArgument and Marker support -->
                <arguments/>
                <logstashMarkers/>
                <stackTrace>
                    <throwableConverter class="net.logstash.logback.stacktrace.ShortenedThrowableConverter">
                        <maxDepthPerThrowable>10</maxDepthPerThrowable>
                        <maxLength>2048</maxLength>
                        <shortenedClassNameLength>32</shortenedClassNameLength>
                        <exclude>sun\.reflect\..*\.invoke.*</exclude>
                        <exclude>net\.sf\.cglib\.proxy\.MethodProxy\.invoke</exclude>
                        <rootCauseFirst>true</rootCauseFirst>
                    </throwableConverter>
                </stackTrace>
            </providers>
        </encoder>
    </appender>
    <appender name="simple_appender" class="ch.qos.logback.core.rolling.RollingFileAppender">
        <File>${log.path}/logsy_2_simple.log</File>
        <rollingPolicy class="ch.qos.logback.core.rolling.TimeBasedRollingPolicy">
            <fileNamePattern>${archive.path}/logsy_2_log.%d{yyyy-MM-dd}.log</fileNamePattern>
            <maxHistory>10</maxHistory>
        </rollingPolicy>
        <encoder>
            <pattern>%d{yyyy-MM-dd_HH:mm:ss.SSS} [%thread] %-5level %logger{35} - %msg %n</pattern>
        </encoder>
    </appender>
    <appender name="console"
        class="ch.qos.logback.core.ConsoleAppender">
        <encoder>
            <pattern>%d{yyyy-MM-dd_HH:mm:ss.SSS} [%thread] %-5level %logger{35} - %msg %n</pattern>
        </encoder>
    </appender>

    <!-- logger definitions -->


    <logger name="de.pearl.microservices" level="error">
        <appender-ref ref="file_appender" />
        <appender-ref ref="console" />
        <appender-ref ref="simple_appender"/>
    </logger>

    <logger name="de.pearl.microservices" level="info">
        <appender-ref ref="file_appender" />
        <appender-ref ref="simple_appender"/>
    </logger>

    <logger name="de.pearl.microservices" level="debug">
        <appender-ref ref="file_appender" />
        <appender-ref ref="simple_appender"/>
    </logger>

</configuration>
