{
  "properties": {
    "actual_on": {
      "type": "date"
    },
    "icon_code": {
      "type": "text"
    },
    "uuid": {
      "type": "keyword",
      "ignore_above": 50
    },
    "line_color": {
      "type": "text"
    },
    "name": {
      "type": "text"
    },
    "location": {
      "type": "geo_point"
    },
    "suggest_name": {
      "type": "completion",
      "analyzer": "autocomplete",
      "contexts": [
        {
          "name": "area-code",
          "type": "category"
        },
        {
          "name": "location-geo",
          "type": "geo",
          "precision": 4

        }
      ]
    },
    "region_uuid": {
      "type": "keyword",
      "ignore_above": 50
    },
    "region_code": {
      "type": "keyword",
      "ignore_above": 50
    },
    "city_code": {
      "type": "keyword",
      "ignore_above": 50
    },
    "city_uuid": {
      "type": "keyword",
      "ignore_above": 50
    }
  }
}
