{"timestamp":"2019-05-09T14:25:47.963+03:00","id":"EXCEPTION!!! request = {\r\n  \"job\" : {\r\n    \"job\" : {\r\n      \"id\" : \"7d9e801e-dee2-453a-85e9-5a1a68f2adf7\",\r\n      \"jobName\" : null,\r\n      \"trolley\" : \"19302\",\r\n      \"scenario\" : null,\r\n      \"vzId\" : null,\r\n      \"ip\" : null\r\n    },\r\n    \"userDetails\" : {\r\n      \"userName\" : \"80220\",\r\n      \"session\" : {\r\n        \"sessionName\" : \"JSESSIONID_SAS5_TEST\",\r\n        \"sessionId\" : \"FA84BED8B4CC5A4AB086C9133483E007\",\r\n        \"domain\" : \"localhost\",\r\n        \"path\" : \"/bbs\"\r\n      }\r\n    }\r\n  },\r\n  \"request\" : {\r\n    \"barCode\" : null,\r\n    \"quantity\" : null,\r\n    \"task\" : {\r\n      \"pickId\" : null,\r\n      \"source\" : \"\",\r\n      \"pdid\" : \"\",\r\n      \"pdnum\" : null,\r\n      \"quantity\" : 0,\r\n      \"putId\" : null,\r\n      \"target\" : \"\",\r\n      \"targetQuantity\" : 0,\r\n      \"targetId\" : null,\r\n      \"compartmentId\" : null,\r\n      \"putJobs\" : null\r\n    },\r\n    \"stage\" : \"GETTINGTGTTASK\"\r\n  }\r\n}"}
{"timestamp":"2019-05-09T14:25:47.967+03:00","id":"EXCEPTION!!!","stack_trace":"java.lang.NullPointerException: null\r\n\tat d.p.m.service.PickerService.getTask(PickerService.java:490)\r\n\tat d.p.m.service.PickerService.processTask(PickerService.java:152)\r\n\tat d.p.m.s.PickerService$$FastClassBySpringCGLIB$$5de0020d.invoke(<generated>)\r\n\tat o.s.cglib.proxy.MethodProxy.invoke(MethodProxy.java:204)\r\n\tat o.s.a.f.CglibAopProxy$CglibMethodInvocation.invokeJoinpoint(CglibAopProxy.java:738)\r\n\tat o.s.a.f.ReflectiveMethodInvocation.proceed(ReflectiveMethodInvocation.java:157)\r\n\tat o.s.a.a.MethodInvocationProceedingJoinPoint.proceed(MethodInvocationProceedingJoinPoint.java:85)\r\n\tat d.p.m.aop.logging.LoggingAspect.logAround(LoggingAspect.java:63)\r\n\t... 2 frames excluded\r\n\tat java.lang.reflect.Method.invoke(Method.java:498)\r\n\tat o.s.a.a.AbstractAspectJAdvice.invokeAdviceMethodWithGivenArgs(AbstractAspectJAdvice.java:629)\r\n\t... 101 frames truncated\r\n"}
