{
  "settings": {
    "analysis": {
      "analyzer": {
        "autocomplete": {
          "tokenizer": "autocomplete",
          "filter": [
            "lowercase",
            "ru_RU"
          ]
        },
        "autocomplete_search": {
          "tokenizer": "lowercase"
        }
      },
      "filter": {
        "ru_RU": {
          "type": "hunspell",
          "locale": "ru_RU",
          "dedup": true
        }
      },
      "tokenizer": {
        "autocomplete": {
          "type": "edge_ngram",
          "min_gram": 2,
          "max_gram": 10,
          "token_chars": [
            "letter"
          ]
        }
      }
    }
  }
}