{
  "id" : "b0942bba-848d-313e-b91b-37346be0fe44",
  "request" : {
    "url" : "/bbs/wi/bo/ss/faktura/faktura_api.jsp?action=doFakturaAndPrint",
    "method" : "POST",
    "bodyPatterns" : [ {
      "equalToJson" : "{\"cartId\":29302,\"compartmentId\":30010004,\"positions\":[{\"productId\":\"NC9061\",\"qtyConfirmed\":4}]}",
      "ignoreArrayOrder" : true,
      "ignoreExtraElements" : true
    } ]
  },
  "response" : {
    "status" : 200,
    "bodyFileName" : "body-bbs-wi-bo-ss-faktura-faktura_api.jsp-ET2MR.json",
    "headers" : {
      "Content-Type" : "application/json;charset=UTF-8",
      "Transfer-Encoding" : "chunked",
      "Date" : "Wed, 24 Apr 2019 15:20:21 GMT"
    }
  },
  "uuid" : "b0942bba-848d-313e-b91b-37346be0fe44"
}