{
  "id" : "409bd84b-941a-36f8-a692-5ae5ddcf2414",
  "request" : {
    "url" : "/bbs/wi/bo/ss/faktura/faktura_api.jsp?action=getPackingsForProduct&cartId=29302&barcode=4022107179805",
    "method" : "GET"
  },
  "response" : {
    "status" : 200,
    "bodyFileName" : "body-bbs-wi-bo-ss-faktura-faktura_api.jsp-B9qRa.json",
    "headers" : {
      "Content-Type" : "application/json;charset=UTF-8",
      "Date" : "Wed, 24 Apr 2019 15:20:21 GMT"
    }
  },
  "uuid" : "409bd84b-941a-36f8-a692-5ae5ddcf2414"
}