{
  "id" : "ff21213c-38da-384a-a0fc-471ad487fedc",
  "request" : {
    "url" : "/bbs/wi/bo/ss/faktura/faktura_api.jsp?action=doFakturaAndPrint",
    "method" : "POST",
    "bodyPatterns" : [ {
      "equalToJson" : "{\"cartId\":29302,\"compartmentId\":30010001,\"positions\":[{\"productId\":\"SD66\",\"qtyConfirmed\":1}]}",
      "ignoreArrayOrder" : true,
      "ignoreExtraElements" : true
    } ]
  },
  "response" : {
    "status" : 200,
    "bodyFileName" : "body-bbs-wi-bo-ss-faktura-faktura_api.jsp-CsHaG.json",
    "headers" : {
      "Content-Type" : "application/json;charset=UTF-8",
      "Transfer-Encoding" : "chunked",
      "Date" : "Wed, 24 Apr 2019 15:19:58 GMT"
    }
  },
  "uuid" : "ff21213c-38da-384a-a0fc-471ad487fedc"
}