{
  "id" : "6cc6f63b-b65d-3f63-9963-2f8cb6ee3505",
  "request" : {
    "url" : "/bbs/wi/bo/login.jsp",
    "method" : "POST",
    "bodyPatterns" : [ {
      "equalTo" : "f_login=80221&f_password=123456&url_redirect_disabled=1&submit=Anmelden"
    } ]
  },
  "response" : {
    "status" : 302,
    "bodyFileName" : "body-bbs-wi-bo-login.jsp-DwCEj.txt",
    "headers" : {
      "Set-Cookie" : "JSESSIONID_SAS5_TEST=49F135DEAC38712AAA2222429D99D902; Path=/bbs; HttpOnly",
      "Location" : "http://10.10.2.36:8081/bbs/wi/bo/index.jsp",
      "Content-Type" : "text/html;charset=UTF-8",
      "Date" : "Wed, 24 Apr 2019 15:19:15 GMT"
    }
  },
  "uuid" : "6cc6f63b-b65d-3f63-9963-2f8cb6ee3505"
}