{
  "id" : "22c582ff-515c-363a-ad2c-b47dedbc6265",
  "request" : {
    "url" : "/bbs/wi/bo/ss/faktura/faktura_api.jsp?action=getPackingsForProduct&cartId=29302&barcode=SD66-1",
    "method" : "GET"
  },
  "response" : {
    "status" : 200,
    "bodyFileName" : "body-bbs-wi-bo-ss-faktura-faktura_api.jsp-kTeaM.json",
    "headers" : {
      "Content-Type" : "application/json;charset=UTF-8",
      "Date" : "Wed, 24 Apr 2019 15:19:56 GMT"
    }
  },
  "uuid" : "22c582ff-515c-363a-ad2c-b47dedbc6265"
}