{
  "id" : "fe83a199-3dbe-3ff6-880b-3b927f55bb43",
  "request" : {
    "url" : "/bbs/wi/bo/ss/faktura/faktura_api.jsp?action=doFakturaAndPrint",
    "method" : "POST",
    "bodyPatterns" : [ {
      "equalToJson" : "{\"cartId\":29302,\"compartmentId\":30010002,\"positions\":[{\"productId\":\"SD66\",\"qtyConfirmed\":1}]}",
      "ignoreArrayOrder" : true,
      "ignoreExtraElements" : true
    } ]
  },
  "response" : {
    "status" : 200,
    "bodyFileName" : "body-bbs-wi-bo-ss-faktura-faktura_api.jsp-9SDZ7.json",
    "headers" : {
      "Content-Type" : "application/json;charset=UTF-8",
      "Transfer-Encoding" : "chunked",
      "Date" : "Wed, 24 Apr 2019 15:19:58 GMT"
    }
  },
  "uuid" : "fe83a199-3dbe-3ff6-880b-3b927f55bb43"
}