{
  "id" : "0d695ab3-fe36-337f-aaff-f5a627fd3682",
  "request" : {
    "url" : "/bbs/wi/bo/ss/faktura/faktura_api.jsp?action=doFakturaAndPrint",
    "method" : "POST",
    "bodyPatterns" : [ {
      "equalToJson" : "{\"cartId\":29302,\"compartmentId\":30010005,\"positions\":[{\"productId\":\"NC9061\",\"qtyConfirmed\":4}]}",
      "ignoreArrayOrder" : true,
      "ignoreExtraElements" : true
    } ]
  },
  "response" : {
    "status" : 200,
    "bodyFileName" : "body-bbs-wi-bo-ss-faktura-faktura_api.jsp-h5FBY.json",
    "headers" : {
      "Content-Type" : "application/json;charset=UTF-8",
      "Transfer-Encoding" : "chunked",
      "Date" : "Wed, 24 Apr 2019 15:20:21 GMT"
    }
  },
  "uuid" : "0d695ab3-fe36-337f-aaff-f5a627fd3682"
}