{
  "id" : "5e85bfa8-de0a-31b7-a860-fa7252f2ebcb",
  "request" : {
    "url" : "/bbs/wi/bo/login.jsp",
    "method" : "POST",
    "bodyPatterns" : [ {
      "equalTo" : "f_login=80222&f_password=1234567&url_redirect_disabled=1&submit=Anmelden"
    } ]
  },
  "response" : {
    "status" : 302,
    "bodyFileName" : "empty.txt",
    "headers" : {
      "Set-Cookie" : "JSESSIONID_SAS5_TEST=A16B9B66DCA3871A1A251BAD91673584; Path=/bbs; HttpOnly",
      "Location" : "http://10.10.2.36:8081/bbs/wi/bo/index.jsp",
      "Content-Type" : "text/html;charset=UTF-8",
      "Date" : "Wed, 08 May 2019 10:12:14 GMT"
    }
  },
  "uuid" : "5e85bfa8-de0a-31b7-a860-fa7252f2ebcb"
}