{
  "id" : "ae2011a3-e1c3-32fd-b330-ca75ec436fb5",
  "request" : {
    "url" : "/bbs/pda/logistics/stock/picker_action.jsp?action_code=put_task_report&compartmentId=40510003&target_slot=40510003&cart_id=19451&pdid=SD444&pdnum=1&quantity=2",
    "method" : "GET"
  },
  "response" : {
    "status" : 200,
    "bodyFileName" : "logsy02_03_put_SD444_40510003.json",
    "headers" : {
      "Content-Type" : "application/json;charset=UTF-8",
      "Date" : "Fri, 21 Jun 2019 10:34:14 GMT"
    }
  },
  "uuid" : "ae2011a3-e1c3-32fd-b330-ca75ec436fb5"
}