{
  "id" : "981ae0e9-413b-39d1-9bb6-14a8b068f987",
  "request" : {
    "url" : "/bbs/pda/logistics/stock/picker_action.jsp?action_code=pick_task_report&cart_id=19451&pdid=SD333&pdnum=1&quantity=2&slot_code=0401-30-01-01",
    "method" : "GET"
  },
  "response" : {
    "status" : 200,
    "bodyFileName" : "logsy02_03_pick_SD333.json",
    "headers" : {
      "Content-Type" : "application/json;charset=UTF-8",
      "Date" : "Fri, 21 Jun 2019 10:32:37 GMT"
    }
  },
  "uuid" : "981ae0e9-413b-39d1-9bb6-14a8b068f987"
}