{
  "id" : "f30158ee-9464-4e77-8869-790ef38ba27f",
  "name" : "bbs_wi_bo_pingjsp",
  "request" : {
    "url" : "/bbs/wi/bo/ping.jsp",
    "method" : "GET"
  },
  "response" : {
    "status" : 200,
    "body" : "pong",
    "headers" : {
      "Content-Type" : "text/plain;charset=UTF-8",
      "Date" : "Tue, 23 Apr 2019 12:21:17 GMT"
    }
  },
  "uuid" : "f30158ee-9464-4e77-8869-790ef38ba27f",
  "persistent" : true,
  "scenarioName" : "scenario-bbs-wi-bo-ping.jsp",
  "requiredScenarioState" : "scenario-bbs-wi-bo-ping.jsp-3",
  "newScenarioState" : "scenario-bbs-wi-bo-ping.jsp-4",
  "insertionIndex" : 6
}