{
  "id" : "f23d20fd-883b-47e8-9056-4f94bd747e4d",
  "name" : "bbs_wi_bo_pingjsp",
  "request" : {
    "url" : "/bbs/wi/bo/ping.jsp",
    "method" : "GET"
  },
  "response" : {
    "status" : 200,
    "body" : "pong",
    "headers" : {
      "Content-Type" : "text/plain;charset=UTF-8",
      "Date" : "Tue, 23 Apr 2019 12:26:12 GMT"
    }
  },
  "uuid" : "f23d20fd-883b-47e8-9056-4f94bd747e4d",
  "persistent" : true,
  "scenarioName" : "scenario-bbs-wi-bo-ping.jsp",
  "requiredScenarioState" : "scenario-bbs-wi-bo-ping.jsp-19",
  "newScenarioState" : "scenario-bbs-wi-bo-ping.jsp-20",
  "insertionIndex" : 25
}