{
  "id" : "fa01229c-d618-36e7-80e2-f132dfc5f210",
  "request" : {
    "url" : "/bbs/pda/logistics/stock/picker_action.jsp?action_code=pick_task_report&cart_id=19451&pdid=SD444&pdnum=1&quantity=4&slot_code=0401-40-01-01",
    "method" : "GET"
  },
  "response" : {
    "status" : 200,
    "bodyFileName" : "logsy02_03_pick_SD444.json",
    "headers" : {
      "Content-Type" : "application/json;charset=UTF-8",
      "Date" : "Fri, 21 Jun 2019 10:33:40 GMT"
    }
  },
  "uuid" : "fa01229c-d618-36e7-80e2-f132dfc5f210"
}