{
  "id" : "7ccf3ec8-9e46-39e3-a0ba-75469e6668bb",
  "request" : {
    "url" : "/bbs/wi/bo/login.jsp",
    "method" : "POST",
    "bodyPatterns" : [ {
      "equalTo" : "f_login=80226&f_password=1234567&url_redirect_disabled=1&submit=Anmelden"
    } ]
  },
  "response" : {
    "status" : 302,
    "bodyFileName" : "logsy02_03_login.txt",
    "headers" : {
      "Set-Cookie" : "JSESSIONID_SAS5_TEST=B1F760037C65F7A6BA16FA84F0697535; Path=/bbs; HttpOnly",
      "Location" : "http://10.10.2.36:8081/bbs/wi/bo/index.jsp",
      "Content-Type" : "text/html;charset=UTF-8",
      "Date" : "Fri, 21 Jun 2019 10:29:59 GMT"
    }
  },
  "uuid" : "7ccf3ec8-9e46-39e3-a0ba-75469e6668bb"
}