{
  "id" : "fa38a5f2-2846-4ae0-9175-e639280b1ccb",
  "name" : "bbs_wi_bo_pingjsp",
  "request" : {
    "url" : "/bbs/wi/bo/ping.jsp",
    "method" : "GET"
  },
  "response" : {
    "status" : 200,
    "body" : "pong",
    "headers" : {
      "Content-Type" : "text/plain;charset=UTF-8",
      "Date" : "Tue, 23 Apr 2019 12:23:32 GMT"
    }
  },
  "uuid" : "fa38a5f2-2846-4ae0-9175-e639280b1ccb",
  "persistent" : true,
  "scenarioName" : "scenario-bbs-wi-bo-ping.jsp",
  "requiredScenarioState" : "scenario-bbs-wi-bo-ping.jsp-11",
  "newScenarioState" : "scenario-bbs-wi-bo-ping.jsp-12",
  "insertionIndex" : 15
}