{
  "id" : "fb95a6fc-7f3e-3766-b650-e659af539748",
  "request" : {
    "url" : "/bbs/wi/bo/logout.jsp",
    "method" : "GET"
  },
  "response" : {
    "status" : 200,
    "bodyFileName" : "logsy02_03_logout.txt",
    "headers" : {
      "Cache-Control" : "max-age=9",
      "Expires" : "Fri, 21 Jun 2019 11:12:46 GMT",
      "Content-Type" : "text/html;charset=ISO-8859-1",
      "Date" : "Fri, 21 Jun 2019 11:12:36 GMT"
    }
  },
  "uuid" : "fb95a6fc-7f3e-3766-b650-e659af539748"
}