{
  "id" : "cef1f246-8eb2-384c-90e2-ebd65e63ee6a",
  "request" : {
    "url" : "/bbs/pda/logistics/stock/stocklocation_data.jsp?label=0401-60-01-01",
    "method" : "GET"
  },
  "response" : {
    "status" : 302,
    "bodyFileName" : "logsy02_03_stocklocation_0401-60-01-01.txt",
    "headers" : {
      "Set-Cookie" : "JSESSIONID_SAS5_TEST=0B34340AA50B73C8F54AC0088720C3E3; Path=/bbs; HttpOnly",
      "Location" : "/bbs/wi/bo/logout.jsp",
      "Content-Type" : "text/html;charset=UTF-8",
      "Date" : "Fri, 21 Jun 2019 11:14:38 GMT"
    }
  },
  "uuid" : "cef1f246-8eb2-384c-90e2-ebd65e63ee6a"
}