{
  "id" : "73cdac8f-ea68-37a1-b4d7-c6f7453b0d22",
  "request" : {
    "url" : "/bbs/pda/logistics/pick/pickListApi.jsp?action=ReleaseCart&cartId=19302&vzid=3",
    "method" : "GET"
  },
  "response" : {
    "status" : 200,
    "bodyFileName" : "body-bbs-pda-logistics-pick-pickListApi.jsp-9rppi.json",
    "headers" : {
      "Content-Type" : "application/json;charset=UTF-8",
      "Date" : "Tue, 23 Apr 2019 12:28:11 GMT"
    }
  },
  "uuid" : "73cdac8f-ea68-37a1-b4d7-c6f7453b0d22"
}