{
  "id" : "3c8dc8f9-58ac-350e-8786-ad0f6aa7469b",
  "request" : {
    "url" : "/bbs/pda/logistics/stock/picker_action.jsp?action_code=pick_and_putt_task_report&cart_id=19302&pdid=SD12&pdnum=2&quantity=3&slot_code=0310-10-01-01",
    "method" : "GET"
  },
  "response" : {
    "status" : 200,
    "bodyFileName" : "logsy02_02_pick_19302_SD12_2_3_0310-01-01-01.json",
    "headers" : {
      "Content-Type" : "application/json;charset=UTF-8",
      "Date" : "Wed, 08 May 2019 10:16:15 GMT"
    }
  },
  "uuid" : "3c8dc8f9-58ac-350e-8786-ad0f6aa7469b"
}