{
  "id" : "68b6a23e-1368-346a-9a99-97de3fe0edc6",
  "request" : {
    "url" : "/bbs/pda/logistics/stock/correction_action.jsp?destination=7001-11-01-01&item=SD2211-1&qty=5000",
    "method" : "GET"
  },
  "response" : {
    "status" : 200,
    "bodyFileName" : "logsy02_04_correction_7001-11-01-01_SD2211_5000.json",
    "headers" : {
      "Content-Type" : "application/json;charset=UTF-8",
      "Date" : "Tue, 02 Jul 2019 08:58:28 GMT"
    }
  },
  "uuid" : "68b6a23e-1368-346a-9a99-97de3fe0edc6"
}