{
  "id" : "f1dee774-a8f1-3097-a194-6a5b17cdcf32",
  "request" : {
    "url" : "/bbs/pda/logistics/stock/picker_action.jsp?action_code=put_task_report&compartmentId=40510003&target_slot=40510003&cart_id=19451&pdid=SD333&pdnum=1&quantity=1",
    "method" : "GET"
  },
  "response" : {
    "status" : 200,
    "bodyFileName" : "logsy02_03_put_SD333_40510003.json",
    "headers" : {
      "Content-Type" : "application/json;charset=UTF-8",
      "Date" : "Fri, 21 Jun 2019 10:33:08 GMT"
    }
  },
  "uuid" : "f1dee774-a8f1-3097-a194-6a5b17cdcf32"
}