{
  "id" : "ca570a67-6fed-3508-971a-aa51c3dcb5c2",
  "request" : {
    "url" : "/bbs/wi/bo/login.jsp",
    "method" : "POST",
    "bodyPatterns" : [ {
      "equalTo" : "f_login=90222&f_password=12345&url_redirect_disabled=1&submit=Anmelden"
    } ]
  },
  "response" : {
    "status" : 302,
    "bodyFileName" : "logsy02_04_login_90222.txt",
    "headers" : {
      "Set-Cookie" : "JSESSIONID_SAS5_TEST=95EECDA5CA962796F3C1BE636BB76B45; Path=/bbs; HttpOnly",
      "Location" : "http://10.10.2.36:8081/bbs/wi/bo/index.jsp",
      "Content-Type" : "text/html;charset=UTF-8",
      "Date" : "Tue, 02 Jul 2019 08:54:31 GMT"
    }
  },
  "uuid" : "ca570a67-6fed-3508-971a-aa51c3dcb5c2"
}