{
  "id" : "36088543-bbee-4b60-9bc1-762284c73932",
  "name" : "bbs_pda_logistics_pick_picklistapijsp",
  "request" : {
    "url" : "/bbs/pda/logistics/pick/pickListApi.jsp?action=ReleaseCart&cartId=19302&vzid=3",
    "method" : "GET"
  },
  "response" : {
    "status" : 200,
    "body" : "{\n  \"cartId\" : 19302,\n  \"newStatus\" : 3,\n  \"exception\" : null\n}",
    "headers" : {
      "Content-Type" : "application/json;charset=UTF-8",
      "Date" : "Tue, 23 Apr 2019 12:28:11 GMT"
    }
  },
  "uuid" : "36088543-bbee-4b60-9bc1-762284c73932",
  "persistent" : true,
  "insertionIndex" : 34
}