{
  "id" : "5d126bc7-1dd6-3645-899a-e96f55aa473f",
  "request" : {
    "url" : "/bbs/pda/logistics/product/productbarcode_data.jsp?label=NC9061-1",
    "method" : "GET"
  },
  "response" : {
    "status" : 200,
    "bodyFileName" : "body-bbs-pda-logistics-product-productbarcode_data.jsp-8tKSx.json",
    "headers" : {
      "Content-Type" : "application/json;charset=UTF-8",
      "Date" : "Tue, 23 Apr 2019 12:27:03 GMT"
    }
  },
  "uuid" : "5d126bc7-1dd6-3645-899a-e96f55aa473f"
}