{
  "id" : "e7a2a175-524c-4513-b124-c40269cce847",
  "name" : "bbs_wi_bo_pingjsp",
  "request" : {
    "url" : "/bbs/wi/bo/ping.jsp",
    "method" : "GET"
  },
  "response" : {
    "status" : 200,
    "body" : "pong",
    "headers" : {
      "Content-Type" : "text/plain;charset=UTF-8",
      "Date" : "Tue, 23 Apr 2019 12:22:32 GMT"
    }
  },
  "uuid" : "e7a2a175-524c-4513-b124-c40269cce847",
  "persistent" : true,
  "scenarioName" : "scenario-bbs-wi-bo-ping.jsp",
  "requiredScenarioState" : "scenario-bbs-wi-bo-ping.jsp-8",
  "newScenarioState" : "scenario-bbs-wi-bo-ping.jsp-9",
  "insertionIndex" : 12
}