{
  "id" : "b04b2c9b-e229-4a4e-84bf-dbe3881f01e5",
  "name" : "bbs_wi_bo_pingjsp",
  "request" : {
    "url" : "/bbs/wi/bo/ping.jsp",
    "method" : "GET"
  },
  "response" : {
    "status" : 200,
    "body" : "pong",
    "headers" : {
      "Content-Type" : "text/plain;charset=UTF-8",
      "Date" : "Tue, 23 Apr 2019 12:24:32 GMT"
    }
  },
  "uuid" : "b04b2c9b-e229-4a4e-84bf-dbe3881f01e5",
  "persistent" : true,
  "scenarioName" : "scenario-bbs-wi-bo-ping.jsp",
  "requiredScenarioState" : "scenario-bbs-wi-bo-ping.jsp-14",
  "newScenarioState" : "scenario-bbs-wi-bo-ping.jsp-15",
  "insertionIndex" : 19
}