{
  "id" : "ead4184a-bbfa-42d8-ada6-b97f2ea7aa2a",
  "name" : "bbs_wi_bo_pingjsp",
  "request" : {
    "url" : "/bbs/wi/bo/ping.jsp",
    "method" : "GET"
  },
  "response" : {
    "status" : 200,
    "body" : "pong",
    "headers" : {
      "Content-Type" : "text/plain;charset=UTF-8",
      "Date" : "Tue, 23 Apr 2019 12:22:12 GMT"
    }
  },
  "uuid" : "ead4184a-bbfa-42d8-ada6-b97f2ea7aa2a",
  "persistent" : true,
  "scenarioName" : "scenario-bbs-wi-bo-ping.jsp",
  "requiredScenarioState" : "scenario-bbs-wi-bo-ping.jsp-7",
  "newScenarioState" : "scenario-bbs-wi-bo-ping.jsp-8",
  "insertionIndex" : 11
}