{
  "id" : "a6865ccb-8e3b-3b7b-b721-8278a8dbd993",
  "request" : {
    "url" : "/bbs/pda/logistics/stock/picker_action.jsp?action_code=pick_and_putt_task_report&cart_id=19302&pdid=NC9061&pdnum=1&quantity=4&slot_code=0303-70-01-01",
    "method" : "GET"
  },
  "response" : {
    "status" : 200,
    "bodyFileName" : "body-bbs-pda-logistics-stock-picker_action.jsp-iAzux.json",
    "headers" : {
      "Content-Type" : "application/json;charset=UTF-8",
      "Date" : "Tue, 23 Apr 2019 12:28:04 GMT"
    }
  },
  "uuid" : "a6865ccb-8e3b-3b7b-b721-8278a8dbd993"
}