{
  "id" : "ec0ac07c-9218-483a-800e-02261b3ad790",
  "name" : "bbs_wi_bo_pingjsp",
  "request" : {
    "url" : "/bbs/wi/bo/ping.jsp",
    "method" : "GET"
  },
  "response" : {
    "status" : 200,
    "body" : "pong",
    "headers" : {
      "Content-Type" : "text/plain;charset=UTF-8",
      "Date" : "Tue, 23 Apr 2019 12:24:52 GMT"
    }
  },
  "uuid" : "ec0ac07c-9218-483a-800e-02261b3ad790",
  "persistent" : true,
  "scenarioName" : "scenario-bbs-wi-bo-ping.jsp",
  "requiredScenarioState" : "scenario-bbs-wi-bo-ping.jsp-15",
  "newScenarioState" : "scenario-bbs-wi-bo-ping.jsp-16",
  "insertionIndex" : 20
}