{
  "id" : "9be20030-4a1c-3c7a-a3ee-ed548ab77db6",
  "request" : {
    "url" : "/bbs/pda/logistics/stock/picker_action.jsp?action_code=put_task_report&compartmentId=40510001&target_slot=40510001&cart_id=19451&pdid=SD333&pdnum=1&quantity=1",
    "method" : "GET"
  },
  "response" : {
    "status" : 200,
    "bodyFileName" : "logsy02_03_put_SD333_40510001.json",
    "headers" : {
      "Content-Type" : "application/json;charset=UTF-8",
      "Date" : "Fri, 21 Jun 2019 10:32:51 GMT"
    }
  },
  "uuid" : "9be20030-4a1c-3c7a-a3ee-ed548ab77db6"
}