{
  "id" : "ca72541d-73fc-4f9a-b9d3-73a1f58f703e",
  "name" : "bbs_wi_bo_pingjsp",
  "request" : {
    "url" : "/bbs/wi/bo/ping.jsp",
    "method" : "GET"
  },
  "response" : {
    "status" : 200,
    "body" : "pong",
    "headers" : {
      "Content-Type" : "text/plain;charset=UTF-8",
      "Date" : "Tue, 23 Apr 2019 12:26:32 GMT"
    }
  },
  "uuid" : "ca72541d-73fc-4f9a-b9d3-73a1f58f703e",
  "persistent" : true,
  "scenarioName" : "scenario-bbs-wi-bo-ping.jsp",
  "requiredScenarioState" : "scenario-bbs-wi-bo-ping.jsp-20",
  "newScenarioState" : "scenario-bbs-wi-bo-ping.jsp-21",
  "insertionIndex" : 26
}