{
  "id" : "def0d815-6586-4278-af04-0946bc3a8b66",
  "name" : "bbs_wi_bo_pingjsp",
  "request" : {
    "url" : "/bbs/wi/bo/ping.jsp",
    "method" : "GET"
  },
  "response" : {
    "status" : 200,
    "body" : "pong",
    "headers" : {
      "Content-Type" : "text/plain;charset=UTF-8",
      "Date" : "Tue, 23 Apr 2019 12:22:09 GMT"
    }
  },
  "uuid" : "def0d815-6586-4278-af04-0946bc3a8b66",
  "persistent" : true,
  "scenarioName" : "scenario-bbs-wi-bo-ping.jsp",
  "requiredScenarioState" : "scenario-bbs-wi-bo-ping.jsp-6",
  "newScenarioState" : "scenario-bbs-wi-bo-ping.jsp-7",
  "insertionIndex" : 9
}