{
  "id" : "3758332d-b4e5-3710-a7f2-988c7b3848f7",
  "request" : {
    "url" : "/bbs/pda/logistics/stock/picker_action.jsp?action_code=pick_and_putt_task_report&cart_id=19302&pdid=NC8831&pdnum=1&quantity=1&slot_code=0304-25-06-01",
    "method" : "GET"
  },
  "response" : {
    "status" : 200,
    "bodyFileName" : "logsy02_02_pick_19302_NC8831_1_1_0304-25-06-01.json",
    "headers" : {
      "Content-Type" : "application/json;charset=UTF-8",
      "Date" : "Wed, 08 May 2019 10:15:29 GMT"
    }
  },
  "uuid" : "3758332d-b4e5-3710-a7f2-988c7b3848f7"
}