{
  "id" : "d5a61503-bebd-4ab1-82eb-f9c25751162c",
  "name" : "bbs_wi_bo_pingjsp",
  "request" : {
    "url" : "/bbs/wi/bo/ping.jsp",
    "method" : "GET"
  },
  "response" : {
    "status" : 200,
    "body" : "pong",
    "headers" : {
      "Content-Type" : "text/plain;charset=UTF-8",
      "Date" : "Tue, 23 Apr 2019 12:23:52 GMT"
    }
  },
  "uuid" : "d5a61503-bebd-4ab1-82eb-f9c25751162c",
  "persistent" : true,
  "scenarioName" : "scenario-bbs-wi-bo-ping.jsp",
  "requiredScenarioState" : "scenario-bbs-wi-bo-ping.jsp-12",
  "newScenarioState" : "scenario-bbs-wi-bo-ping.jsp-13",
  "insertionIndex" : 16
}