{
  "id" : "b0e2e33e-1a66-3590-8319-26b81d782ac1",
  "request" : {
    "url" : "/bbs/pda/logistics/stock/picker_action.jsp?action_code=put_task_report&compartmentId=40510001&target_slot=40510001&cart_id=19451&pdid=SD444&pdnum=1&quantity=2",
    "method" : "GET"
  },
  "response" : {
    "status" : 200,
    "bodyFileName" : "logsy02_03_put_SD444_40510001.json",
    "headers" : {
      "Content-Type" : "application/json;charset=UTF-8",
      "Date" : "Fri, 21 Jun 2019 10:34:01 GMT"
    }
  },
  "uuid" : "b0e2e33e-1a66-3590-8319-26b81d782ac1"
}