{
  "id" : "70c4ca21-740e-381f-ad97-f78baab7d196",
  "request" : {
    "url" : "/bbs/wi/bo/login.jsp",
    "method" : "POST",
    "bodyPatterns" : [ {
      "equalTo" : "f_login=80220&f_password=12345&url_redirect_disabled=1&submit=Anmelden"
    } ]
  },
  "response" : {
    "status" : 302,
    "bodyFileName" : "body-bbs-wi-bo-login.jsp-CNtKh.txt",
    "headers" : {
      "Set-Cookie" : "JSESSIONID_SAS5_TEST=FA84BED8B4CC5A4AB086C9133483E007; Path=/bbs; HttpOnly",
      "Location" : "http://10.10.2.36:8081/bbs/wi/bo/index.jsp",
      "Content-Type" : "text/html;charset=UTF-8",
      "Date" : "Tue, 23 Apr 2019 12:20:51 GMT"
    }
  },
  "uuid" : "70c4ca21-740e-381f-ad97-f78baab7d196"
}